Image File,Country,Image File Path
ad.png,Andorra,C:\Users\ShreepadBidwai\Downloads\Geo Targetly free world flag designs\rectangle\rectangle - 80w\ad.png
ae.png,United Arab Emirates,C:\Users\ShreepadBidwai\Downloads\Geo Targetly free world flag designs\rectangle\rectangle - 80w\ae.png
af.png,Afghanistan,C:\Users\ShreepadBidwai\Downloads\Geo Targetly free world flag designs\rectangle\rectangle - 80w\af.png
ag.png,Antigua and Barbuda,C:\Users\ShreepadBidwai\Downloads\Geo Targetly free world flag designs\rectangle\rectangle - 80w\ag.png
ai.png,Anguilla,C:\Users\ShreepadBidwai\Downloads\Geo Targetly free world flag designs\rectangle\rectangle - 80w\ai.png
al.png,Albania,C:\Users\ShreepadBidwai\Downloads\Geo Targetly free world flag designs\rectangle\rectangle - 80w\al.png
am.png,Armenia,C:\Users\ShreepadBidwai\Downloads\Geo Targetly free world flag designs\rectangle\rectangle - 80w\am.png
ao.png,Angola,C:\Users\ShreepadBidwai\Downloads\Geo Targetly free world flag designs\rectangle\rectangle - 80w\ao.png
aq.png,Antarctica,C:\Users\ShreepadBidwai\Downloads\Geo Targetly free world flag designs\rectangle\rectangle - 80w\aq.png
ar.png,Argentina,C:\Users\ShreepadBidwai\Downloads\Geo Targetly free world flag designs\rectangle\rectangle - 80w\ar.png
as.png,American Samoa,C:\Users\ShreepadBidwai\Downloads\Geo Targetly free world flag designs\rectangle\rectangle - 80w\as.png
at.png,Austria,C:\Users\ShreepadBidwai\Downloads\Geo Targetly free world flag designs\rectangle\rectangle - 80w\at.png
au.png,Australia,C:\Users\ShreepadBidwai\Downloads\Geo Targetly free world flag designs\rectangle\rectangle - 80w\au.png
aw.png,Aruba,C:\Users\ShreepadBidwai\Downloads\Geo Targetly free world flag designs\rectangle\rectangle - 80w\aw.png
ax.png,√Öland Islands,C:\Users\ShreepadBidwai\Downloads\Geo Targetly free world flag designs\rectangle\rectangle - 80w\ax.png
az.png,Azerbaijan,C:\Users\ShreepadBidwai\Downloads\Geo Targetly free world flag designs\rectangle\rectangle - 80w\az.png
ba.png,Bosnia and Herzegovina,C:\Users\ShreepadBidwai\Downloads\Geo Targetly free world flag designs\rectangle\rectangle - 80w\ba.png
bb.png,Barbados,C:\Users\ShreepadBidwai\Downloads\Geo Targetly free world flag designs\rectangle\rectangle - 80w\bb.png
bd.png,Bangladesh,C:\Users\ShreepadBidwai\Downloads\Geo Targetly free world flag designs\rectangle\rectangle - 80w\bd.png
be.png,Belgium,C:\Users\ShreepadBidwai\Downloads\Geo Targetly free world flag designs\rectangle\rectangle - 80w\be.png
bf.png,Burkina Faso,C:\Users\ShreepadBidwai\Downloads\Geo Targetly free world flag designs\rectangle\rectangle - 80w\bf.png
bg.png,Bulgaria,C:\Users\ShreepadBidwai\Downloads\Geo Targetly free world flag designs\rectangle\rectangle - 80w\bg.png
bh.png,Bahrain,C:\Users\ShreepadBidwai\Downloads\Geo Targetly free world flag designs\rectangle\rectangle - 80w\bh.png
bi.png,Burundi,C:\Users\ShreepadBidwai\Downloads\Geo Targetly free world flag designs\rectangle\rectangle - 80w\bi.png
bj.png,Benin,C:\Users\ShreepadBidwai\Downloads\Geo Targetly free world flag designs\rectangle\rectangle - 80w\bj.png
bl.png,Saint Barth√©lemy,C:\Users\ShreepadBidwai\Downloads\Geo Targetly free world flag designs\rectangle\rectangle - 80w\bl.png
bm.png,Bermuda,C:\Users\ShreepadBidwai\Downloads\Geo Targetly free world flag designs\rectangle\rectangle - 80w\bm.png
bn.png,Brunei Darussalam,C:\Users\ShreepadBidwai\Downloads\Geo Targetly free world flag designs\rectangle\rectangle - 80w\bn.png
bo.png,Bolivia (Plurinational State Of),C:\Users\ShreepadBidwai\Downloads\Geo Targetly free world flag designs\rectangle\rectangle - 80w\bo.png
bq.png,Caribbean Netherlands,C:\Users\ShreepadBidwai\Downloads\Geo Targetly free world flag designs\rectangle\rectangle - 80w\bq.png
br.png,Brazil,C:\Users\ShreepadBidwai\Downloads\Geo Targetly free world flag designs\rectangle\rectangle - 80w\br.png
bs.png,Bahamas,C:\Users\ShreepadBidwai\Downloads\Geo Targetly free world flag designs\rectangle\rectangle - 80w\bs.png
bt.png,Bhutan,C:\Users\ShreepadBidwai\Downloads\Geo Targetly free world flag designs\rectangle\rectangle - 80w\bt.png
bv.png,Bouvet Island,C:\Users\ShreepadBidwai\Downloads\Geo Targetly free world flag designs\rectangle\rectangle - 80w\bv.png
bw.png,Botswana,C:\Users\ShreepadBidwai\Downloads\Geo Targetly free world flag designs\rectangle\rectangle - 80w\bw.png
by.png,Belarus,C:\Users\ShreepadBidwai\Downloads\Geo Targetly free world flag designs\rectangle\rectangle - 80w\by.png
bz.png,Belize,C:\Users\ShreepadBidwai\Downloads\Geo Targetly free world flag designs\rectangle\rectangle - 80w\bz.png
ca.png,Canada,C:\Users\ShreepadBidwai\Downloads\Geo Targetly free world flag designs\rectangle\rectangle - 80w\ca.png
cc.png,Cocos (Keeling) Islands,C:\Users\ShreepadBidwai\Downloads\Geo Targetly free world flag designs\rectangle\rectangle - 80w\cc.png
cd.png,Democratic Republic of the Congo,C:\Users\ShreepadBidwai\Downloads\Geo Targetly free world flag designs\rectangle\rectangle - 80w\cd.png
cf.png,Central African Republic,C:\Users\ShreepadBidwai\Downloads\Geo Targetly free world flag designs\rectangle\rectangle - 80w\cf.png
cg.png,Congo,C:\Users\ShreepadBidwai\Downloads\Geo Targetly free world flag designs\rectangle\rectangle - 80w\cg.png
ch.png,Switzerland,C:\Users\ShreepadBidwai\Downloads\Geo Targetly free world flag designs\rectangle\rectangle - 80w\ch.png
ci.png,CÙte DíIvoire,C:\Users\ShreepadBidwai\Downloads\Geo Targetly free world flag designs\rectangle\rectangle - 80w\ci.png
ck.png,Cook Islands,C:\Users\ShreepadBidwai\Downloads\Geo Targetly free world flag designs\rectangle\rectangle - 80w\ck.png
cl.png,Chile,C:\Users\ShreepadBidwai\Downloads\Geo Targetly free world flag designs\rectangle\rectangle - 80w\cl.png
cm.png,Cameroon,C:\Users\ShreepadBidwai\Downloads\Geo Targetly free world flag designs\rectangle\rectangle - 80w\cm.png
cn.png,China,C:\Users\ShreepadBidwai\Downloads\Geo Targetly free world flag designs\rectangle\rectangle - 80w\cn.png
co.png,Colombia,C:\Users\ShreepadBidwai\Downloads\Geo Targetly free world flag designs\rectangle\rectangle - 80w\co.png
cr.png,Costa Rica,C:\Users\ShreepadBidwai\Downloads\Geo Targetly free world flag designs\rectangle\rectangle - 80w\cr.png
cu.png,Cuba,C:\Users\ShreepadBidwai\Downloads\Geo Targetly free world flag designs\rectangle\rectangle - 80w\cu.png
cv.png,Cape Verde,C:\Users\ShreepadBidwai\Downloads\Geo Targetly free world flag designs\rectangle\rectangle - 80w\cv.png
cw.png,Cura√ßao,C:\Users\ShreepadBidwai\Downloads\Geo Targetly free world flag designs\rectangle\rectangle - 80w\cw.png
cx.png,Christmas Island,C:\Users\ShreepadBidwai\Downloads\Geo Targetly free world flag designs\rectangle\rectangle - 80w\cx.png
cy.png,Cyprus,C:\Users\ShreepadBidwai\Downloads\Geo Targetly free world flag designs\rectangle\rectangle - 80w\cy.png
cz.png,Czechia,C:\Users\ShreepadBidwai\Downloads\Geo Targetly free world flag designs\rectangle\rectangle - 80w\cz.png
de.png,Germany,C:\Users\ShreepadBidwai\Downloads\Geo Targetly free world flag designs\rectangle\rectangle - 80w\de.png
dj.png,Djibouti,C:\Users\ShreepadBidwai\Downloads\Geo Targetly free world flag designs\rectangle\rectangle - 80w\dj.png
dk.png,Denmark,C:\Users\ShreepadBidwai\Downloads\Geo Targetly free world flag designs\rectangle\rectangle - 80w\dk.png
dm.png,Dominica,C:\Users\ShreepadBidwai\Downloads\Geo Targetly free world flag designs\rectangle\rectangle - 80w\dm.png
do.png,Dominican Republic,C:\Users\ShreepadBidwai\Downloads\Geo Targetly free world flag designs\rectangle\rectangle - 80w\do.png
dz.png,Algeria,C:\Users\ShreepadBidwai\Downloads\Geo Targetly free world flag designs\rectangle\rectangle - 80w\dz.png
ec.png,Ecuador,C:\Users\ShreepadBidwai\Downloads\Geo Targetly free world flag designs\rectangle\rectangle - 80w\ec.png
ee.png,Estonia,C:\Users\ShreepadBidwai\Downloads\Geo Targetly free world flag designs\rectangle\rectangle - 80w\ee.png
eg.png,Egypt,C:\Users\ShreepadBidwai\Downloads\Geo Targetly free world flag designs\rectangle\rectangle - 80w\eg.png
eh.png,Western Sahara,C:\Users\ShreepadBidwai\Downloads\Geo Targetly free world flag designs\rectangle\rectangle - 80w\eh.png
er.png,Eritrea,C:\Users\ShreepadBidwai\Downloads\Geo Targetly free world flag designs\rectangle\rectangle - 80w\er.png
es.png,Spain,C:\Users\ShreepadBidwai\Downloads\Geo Targetly free world flag designs\rectangle\rectangle - 80w\es.png
et.png,Ethiopia,C:\Users\ShreepadBidwai\Downloads\Geo Targetly free world flag designs\rectangle\rectangle - 80w\et.png
fi.png,Finland,C:\Users\ShreepadBidwai\Downloads\Geo Targetly free world flag designs\rectangle\rectangle - 80w\fi.png
fj.png,Fiji,C:\Users\ShreepadBidwai\Downloads\Geo Targetly free world flag designs\rectangle\rectangle - 80w\fj.png
fk.png,Falkland Islands (Malvinas),C:\Users\ShreepadBidwai\Downloads\Geo Targetly free world flag designs\rectangle\rectangle - 80w\fk.png
fm.png,Micronesia (Federated States Of),C:\Users\ShreepadBidwai\Downloads\Geo Targetly free world flag designs\rectangle\rectangle - 80w\fm.png
fo.png,Faroe Islands,C:\Users\ShreepadBidwai\Downloads\Geo Targetly free world flag designs\rectangle\rectangle - 80w\fo.png
fr.png,France,C:\Users\ShreepadBidwai\Downloads\Geo Targetly free world flag designs\rectangle\rectangle - 80w\fr.png
ga.png,Gabon,C:\Users\ShreepadBidwai\Downloads\Geo Targetly free world flag designs\rectangle\rectangle - 80w\ga.png
gb.png,United Kingdom,C:\Users\ShreepadBidwai\Downloads\Geo Targetly free world flag designs\rectangle\rectangle - 80w\gb.png
gd.png,Grenada,C:\Users\ShreepadBidwai\Downloads\Geo Targetly free world flag designs\rectangle\rectangle - 80w\gd.png
ge.png,Georgia,C:\Users\ShreepadBidwai\Downloads\Geo Targetly free world flag designs\rectangle\rectangle - 80w\ge.png
gf.png,French Guiana,C:\Users\ShreepadBidwai\Downloads\Geo Targetly free world flag designs\rectangle\rectangle - 80w\gf.png
gg.png,Guernsey,C:\Users\ShreepadBidwai\Downloads\Geo Targetly free world flag designs\rectangle\rectangle - 80w\gg.png
gh.png,Ghana,C:\Users\ShreepadBidwai\Downloads\Geo Targetly free world flag designs\rectangle\rectangle - 80w\gh.png
gi.png,Gibraltar,C:\Users\ShreepadBidwai\Downloads\Geo Targetly free world flag designs\rectangle\rectangle - 80w\gi.png
gl.png,Greenland,C:\Users\ShreepadBidwai\Downloads\Geo Targetly free world flag designs\rectangle\rectangle - 80w\gl.png
gm.png,Gambia,C:\Users\ShreepadBidwai\Downloads\Geo Targetly free world flag designs\rectangle\rectangle - 80w\gm.png
gn.png,Guinea,C:\Users\ShreepadBidwai\Downloads\Geo Targetly free world flag designs\rectangle\rectangle - 80w\gn.png
gp.png,Guadeloupe,C:\Users\ShreepadBidwai\Downloads\Geo Targetly free world flag designs\rectangle\rectangle - 80w\gp.png
gq.png,Equatorial Guinea,C:\Users\ShreepadBidwai\Downloads\Geo Targetly free world flag designs\rectangle\rectangle - 80w\gq.png
gr.png,Greece,C:\Users\ShreepadBidwai\Downloads\Geo Targetly free world flag designs\rectangle\rectangle - 80w\gr.png
gt.png,Guatemala,C:\Users\ShreepadBidwai\Downloads\Geo Targetly free world flag designs\rectangle\rectangle - 80w\gt.png
gu.png,Guam,C:\Users\ShreepadBidwai\Downloads\Geo Targetly free world flag designs\rectangle\rectangle - 80w\gu.png
gw.png,Guinea-Bissau,C:\Users\ShreepadBidwai\Downloads\Geo Targetly free world flag designs\rectangle\rectangle - 80w\gw.png
gy.png,Guyana,C:\Users\ShreepadBidwai\Downloads\Geo Targetly free world flag designs\rectangle\rectangle - 80w\gy.png
hk.png,Hong Kong,C:\Users\ShreepadBidwai\Downloads\Geo Targetly free world flag designs\rectangle\rectangle - 80w\hk.png
hm.png,Heard Island and McDonald Islands,C:\Users\ShreepadBidwai\Downloads\Geo Targetly free world flag designs\rectangle\rectangle - 80w\hm.png
hn.png,Honduras,C:\Users\ShreepadBidwai\Downloads\Geo Targetly free world flag designs\rectangle\rectangle - 80w\hn.png
hr.png,Croatia,C:\Users\ShreepadBidwai\Downloads\Geo Targetly free world flag designs\rectangle\rectangle - 80w\hr.png
ht.png,Haiti,C:\Users\ShreepadBidwai\Downloads\Geo Targetly free world flag designs\rectangle\rectangle - 80w\ht.png
hu.png,Hungary,C:\Users\ShreepadBidwai\Downloads\Geo Targetly free world flag designs\rectangle\rectangle - 80w\hu.png
id.png,Indonesia,C:\Users\ShreepadBidwai\Downloads\Geo Targetly free world flag designs\rectangle\rectangle - 80w\id.png
ie.png,Ireland,C:\Users\ShreepadBidwai\Downloads\Geo Targetly free world flag designs\rectangle\rectangle - 80w\ie.png
il.png,Israel,C:\Users\ShreepadBidwai\Downloads\Geo Targetly free world flag designs\rectangle\rectangle - 80w\il.png
im.png,Isle of Man,C:\Users\ShreepadBidwai\Downloads\Geo Targetly free world flag designs\rectangle\rectangle - 80w\im.png
in.png,India,C:\Users\ShreepadBidwai\Downloads\Geo Targetly free world flag designs\rectangle\rectangle - 80w\in.png
io.png,British Indian Ocean Territory,C:\Users\ShreepadBidwai\Downloads\Geo Targetly free world flag designs\rectangle\rectangle - 80w\io.png
iq.png,Iraq,C:\Users\ShreepadBidwai\Downloads\Geo Targetly free world flag designs\rectangle\rectangle - 80w\iq.png
ir.png,Iran (Islamic Republic Of),C:\Users\ShreepadBidwai\Downloads\Geo Targetly free world flag designs\rectangle\rectangle - 80w\ir.png
is.png,Iceland,C:\Users\ShreepadBidwai\Downloads\Geo Targetly free world flag designs\rectangle\rectangle - 80w\is.png
it.png,Italy,C:\Users\ShreepadBidwai\Downloads\Geo Targetly free world flag designs\rectangle\rectangle - 80w\it.png
je.png,Jersey,C:\Users\ShreepadBidwai\Downloads\Geo Targetly free world flag designs\rectangle\rectangle - 80w\je.png
jm.png,Jamaica,C:\Users\ShreepadBidwai\Downloads\Geo Targetly free world flag designs\rectangle\rectangle - 80w\jm.png
jo.png,Jordan,C:\Users\ShreepadBidwai\Downloads\Geo Targetly free world flag designs\rectangle\rectangle - 80w\jo.png
jp.png,Japan,C:\Users\ShreepadBidwai\Downloads\Geo Targetly free world flag designs\rectangle\rectangle - 80w\jp.png
ke.png,Kenya,C:\Users\ShreepadBidwai\Downloads\Geo Targetly free world flag designs\rectangle\rectangle - 80w\ke.png
kg.png,Kyrgyzstan,C:\Users\ShreepadBidwai\Downloads\Geo Targetly free world flag designs\rectangle\rectangle - 80w\kg.png
kh.png,Cambodia,C:\Users\ShreepadBidwai\Downloads\Geo Targetly free world flag designs\rectangle\rectangle - 80w\kh.png
ki.png,Kiribati,C:\Users\ShreepadBidwai\Downloads\Geo Targetly free world flag designs\rectangle\rectangle - 80w\ki.png
km.png,Comoros,C:\Users\ShreepadBidwai\Downloads\Geo Targetly free world flag designs\rectangle\rectangle - 80w\km.png
kn.png,Saint Kitts and Nevis,C:\Users\ShreepadBidwai\Downloads\Geo Targetly free world flag designs\rectangle\rectangle - 80w\kn.png
kp.png,Democratic People'S Republic Of Korea,C:\Users\ShreepadBidwai\Downloads\Geo Targetly free world flag designs\rectangle\rectangle - 80w\kp.png
kr.png,Republic Of Korea,C:\Users\ShreepadBidwai\Downloads\Geo Targetly free world flag designs\rectangle\rectangle - 80w\kr.png
kw.png,Kuwait,C:\Users\ShreepadBidwai\Downloads\Geo Targetly free world flag designs\rectangle\rectangle - 80w\kw.png
ky.png,Cayman Islands,C:\Users\ShreepadBidwai\Downloads\Geo Targetly free world flag designs\rectangle\rectangle - 80w\ky.png
kz.png,Kazakhstan,C:\Users\ShreepadBidwai\Downloads\Geo Targetly free world flag designs\rectangle\rectangle - 80w\kz.png
la.png,Lao People'S Democratic Republic,C:\Users\ShreepadBidwai\Downloads\Geo Targetly free world flag designs\rectangle\rectangle - 80w\la.png
lb.png,Lebanon,C:\Users\ShreepadBidwai\Downloads\Geo Targetly free world flag designs\rectangle\rectangle - 80w\lb.png
lc.png,Saint Lucia,C:\Users\ShreepadBidwai\Downloads\Geo Targetly free world flag designs\rectangle\rectangle - 80w\lc.png
li.png,Liechtenstein,C:\Users\ShreepadBidwai\Downloads\Geo Targetly free world flag designs\rectangle\rectangle - 80w\li.png
lk.png,Sri Lanka,C:\Users\ShreepadBidwai\Downloads\Geo Targetly free world flag designs\rectangle\rectangle - 80w\lk.png
lr.png,Liberia,C:\Users\ShreepadBidwai\Downloads\Geo Targetly free world flag designs\rectangle\rectangle - 80w\lr.png
ls.png,Lesotho,C:\Users\ShreepadBidwai\Downloads\Geo Targetly free world flag designs\rectangle\rectangle - 80w\ls.png
lt.png,Lithuania,C:\Users\ShreepadBidwai\Downloads\Geo Targetly free world flag designs\rectangle\rectangle - 80w\lt.png
lu.png,Luxembourg,C:\Users\ShreepadBidwai\Downloads\Geo Targetly free world flag designs\rectangle\rectangle - 80w\lu.png
lv.png,Latvia,C:\Users\ShreepadBidwai\Downloads\Geo Targetly free world flag designs\rectangle\rectangle - 80w\lv.png
ly.png,Libya,C:\Users\ShreepadBidwai\Downloads\Geo Targetly free world flag designs\rectangle\rectangle - 80w\ly.png
ma.png,Morocco,C:\Users\ShreepadBidwai\Downloads\Geo Targetly free world flag designs\rectangle\rectangle - 80w\ma.png
mc.png,Monaco,C:\Users\ShreepadBidwai\Downloads\Geo Targetly free world flag designs\rectangle\rectangle - 80w\mc.png
md.png,Republic Of Moldova,C:\Users\ShreepadBidwai\Downloads\Geo Targetly free world flag designs\rectangle\rectangle - 80w\md.png
me.png,Montenegro,C:\Users\ShreepadBidwai\Downloads\Geo Targetly free world flag designs\rectangle\rectangle - 80w\me.png
mf.png,Saint Martin,C:\Users\ShreepadBidwai\Downloads\Geo Targetly free world flag designs\rectangle\rectangle - 80w\mf.png
mg.png,Madagascar,C:\Users\ShreepadBidwai\Downloads\Geo Targetly free world flag designs\rectangle\rectangle - 80w\mg.png
mh.png,Marshall Islands,C:\Users\ShreepadBidwai\Downloads\Geo Targetly free world flag designs\rectangle\rectangle - 80w\mh.png
mk.png,North Macedonia,C:\Users\ShreepadBidwai\Downloads\Geo Targetly free world flag designs\rectangle\rectangle - 80w\mk.png
ml.png,Mali,C:\Users\ShreepadBidwai\Downloads\Geo Targetly free world flag designs\rectangle\rectangle - 80w\ml.png
mm.png,Myanmar,C:\Users\ShreepadBidwai\Downloads\Geo Targetly free world flag designs\rectangle\rectangle - 80w\mm.png
mn.png,Mongolia,C:\Users\ShreepadBidwai\Downloads\Geo Targetly free world flag designs\rectangle\rectangle - 80w\mn.png
mo.png,Macau,C:\Users\ShreepadBidwai\Downloads\Geo Targetly free world flag designs\rectangle\rectangle - 80w\mo.png
mp.png,Northern Mariana Islands,C:\Users\ShreepadBidwai\Downloads\Geo Targetly free world flag designs\rectangle\rectangle - 80w\mp.png
mq.png,Martinique,C:\Users\ShreepadBidwai\Downloads\Geo Targetly free world flag designs\rectangle\rectangle - 80w\mq.png
mr.png,Mauritania,C:\Users\ShreepadBidwai\Downloads\Geo Targetly free world flag designs\rectangle\rectangle - 80w\mr.png
ms.png,Montserrat,C:\Users\ShreepadBidwai\Downloads\Geo Targetly free world flag designs\rectangle\rectangle - 80w\ms.png
mt.png,Malta,C:\Users\ShreepadBidwai\Downloads\Geo Targetly free world flag designs\rectangle\rectangle - 80w\mt.png
mu.png,Mauritius,C:\Users\ShreepadBidwai\Downloads\Geo Targetly free world flag designs\rectangle\rectangle - 80w\mu.png
mv.png,Maldives,C:\Users\ShreepadBidwai\Downloads\Geo Targetly free world flag designs\rectangle\rectangle - 80w\mv.png
mw.png,Malawi,C:\Users\ShreepadBidwai\Downloads\Geo Targetly free world flag designs\rectangle\rectangle - 80w\mw.png
mx.png,Mexico,C:\Users\ShreepadBidwai\Downloads\Geo Targetly free world flag designs\rectangle\rectangle - 80w\mx.png
my.png,Malaysia,C:\Users\ShreepadBidwai\Downloads\Geo Targetly free world flag designs\rectangle\rectangle - 80w\my.png
mz.png,Mozambique,C:\Users\ShreepadBidwai\Downloads\Geo Targetly free world flag designs\rectangle\rectangle - 80w\mz.png
na.png,Namibia,C:\Users\ShreepadBidwai\Downloads\Geo Targetly free world flag designs\rectangle\rectangle - 80w\na.png
nc.png,New Caledonia,C:\Users\ShreepadBidwai\Downloads\Geo Targetly free world flag designs\rectangle\rectangle - 80w\nc.png
ne.png,Niger,C:\Users\ShreepadBidwai\Downloads\Geo Targetly free world flag designs\rectangle\rectangle - 80w\ne.png
nf.png,Norfolk Island,C:\Users\ShreepadBidwai\Downloads\Geo Targetly free world flag designs\rectangle\rectangle - 80w\nf.png
ng.png,Nigeria,C:\Users\ShreepadBidwai\Downloads\Geo Targetly free world flag designs\rectangle\rectangle - 80w\ng.png
ni.png,Nicaragua,C:\Users\ShreepadBidwai\Downloads\Geo Targetly free world flag designs\rectangle\rectangle - 80w\ni.png
nl.png,Netherlands,C:\Users\ShreepadBidwai\Downloads\Geo Targetly free world flag designs\rectangle\rectangle - 80w\nl.png
no.png,Norway,C:\Users\ShreepadBidwai\Downloads\Geo Targetly free world flag designs\rectangle\rectangle - 80w\no.png
np.png,Nepal,C:\Users\ShreepadBidwai\Downloads\Geo Targetly free world flag designs\rectangle\rectangle - 80w\np.png
nr.png,Nauru,C:\Users\ShreepadBidwai\Downloads\Geo Targetly free world flag designs\rectangle\rectangle - 80w\nr.png
nu.png,Niue,C:\Users\ShreepadBidwai\Downloads\Geo Targetly free world flag designs\rectangle\rectangle - 80w\nu.png
nz.png,New Zealand,C:\Users\ShreepadBidwai\Downloads\Geo Targetly free world flag designs\rectangle\rectangle - 80w\nz.png
om.png,Oman,C:\Users\ShreepadBidwai\Downloads\Geo Targetly free world flag designs\rectangle\rectangle - 80w\om.png
pa.png,Panama,C:\Users\ShreepadBidwai\Downloads\Geo Targetly free world flag designs\rectangle\rectangle - 80w\pa.png
pe.png,Peru,C:\Users\ShreepadBidwai\Downloads\Geo Targetly free world flag designs\rectangle\rectangle - 80w\pe.png
pf.png,French Polynesia,C:\Users\ShreepadBidwai\Downloads\Geo Targetly free world flag designs\rectangle\rectangle - 80w\pf.png
pg.png,Papua New Guinea,C:\Users\ShreepadBidwai\Downloads\Geo Targetly free world flag designs\rectangle\rectangle - 80w\pg.png
ph.png,Philippines,C:\Users\ShreepadBidwai\Downloads\Geo Targetly free world flag designs\rectangle\rectangle - 80w\ph.png
pk.png,Pakistan,C:\Users\ShreepadBidwai\Downloads\Geo Targetly free world flag designs\rectangle\rectangle - 80w\pk.png
pl.png,Poland,C:\Users\ShreepadBidwai\Downloads\Geo Targetly free world flag designs\rectangle\rectangle - 80w\pl.png
pm.png,Saint Pierre and Miquelon,C:\Users\ShreepadBidwai\Downloads\Geo Targetly free world flag designs\rectangle\rectangle - 80w\pm.png
pn.png,Pitcairn,C:\Users\ShreepadBidwai\Downloads\Geo Targetly free world flag designs\rectangle\rectangle - 80w\pn.png
pr.png,Puerto Rico,C:\Users\ShreepadBidwai\Downloads\Geo Targetly free world flag designs\rectangle\rectangle - 80w\pr.png
ps.png,State Of Palestine,C:\Users\ShreepadBidwai\Downloads\Geo Targetly free world flag designs\rectangle\rectangle - 80w\ps.png
pt.png,Portugal,C:\Users\ShreepadBidwai\Downloads\Geo Targetly free world flag designs\rectangle\rectangle - 80w\pt.png
pw.png,Palau,C:\Users\ShreepadBidwai\Downloads\Geo Targetly free world flag designs\rectangle\rectangle - 80w\pw.png
py.png,Paraguay,C:\Users\ShreepadBidwai\Downloads\Geo Targetly free world flag designs\rectangle\rectangle - 80w\py.png
qa.png,Qatar,C:\Users\ShreepadBidwai\Downloads\Geo Targetly free world flag designs\rectangle\rectangle - 80w\qa.png
re.png,R√©union,C:\Users\ShreepadBidwai\Downloads\Geo Targetly free world flag designs\rectangle\rectangle - 80w\re.png
ro.png,Romania,C:\Users\ShreepadBidwai\Downloads\Geo Targetly free world flag designs\rectangle\rectangle - 80w\ro.png
rs.png,Serbia,C:\Users\ShreepadBidwai\Downloads\Geo Targetly free world flag designs\rectangle\rectangle - 80w\rs.png
ru.png,Russia,C:\Users\ShreepadBidwai\Downloads\Geo Targetly free world flag designs\rectangle\rectangle - 80w\ru.png
rw.png,Rwanda,C:\Users\ShreepadBidwai\Downloads\Geo Targetly free world flag designs\rectangle\rectangle - 80w\rw.png
sa.png,Saudi Arabia,C:\Users\ShreepadBidwai\Downloads\Geo Targetly free world flag designs\rectangle\rectangle - 80w\sa.png
sb.png,Solomon Islands,C:\Users\ShreepadBidwai\Downloads\Geo Targetly free world flag designs\rectangle\rectangle - 80w\sb.png
sc.png,Seychelles,C:\Users\ShreepadBidwai\Downloads\Geo Targetly free world flag designs\rectangle\rectangle - 80w\sc.png
sd.png,Sudan,C:\Users\ShreepadBidwai\Downloads\Geo Targetly free world flag designs\rectangle\rectangle - 80w\sd.png
se.png,Sweden,C:\Users\ShreepadBidwai\Downloads\Geo Targetly free world flag designs\rectangle\rectangle - 80w\se.png
sg.png,Singapore,C:\Users\ShreepadBidwai\Downloads\Geo Targetly free world flag designs\rectangle\rectangle - 80w\sg.png
sh.png,Saint Helena,C:\Users\ShreepadBidwai\Downloads\Geo Targetly free world flag designs\rectangle\rectangle - 80w\sh.png
si.png,Slovenia,C:\Users\ShreepadBidwai\Downloads\Geo Targetly free world flag designs\rectangle\rectangle - 80w\si.png
sk.png,Slovakia,C:\Users\ShreepadBidwai\Downloads\Geo Targetly free world flag designs\rectangle\rectangle - 80w\sk.png
sl.png,Sierra Leone,C:\Users\ShreepadBidwai\Downloads\Geo Targetly free world flag designs\rectangle\rectangle - 80w\sl.png
sm.png,San Marino,C:\Users\ShreepadBidwai\Downloads\Geo Targetly free world flag designs\rectangle\rectangle - 80w\sm.png
sn.png,Senegal,C:\Users\ShreepadBidwai\Downloads\Geo Targetly free world flag designs\rectangle\rectangle - 80w\sn.png
so.png,Somalia,C:\Users\ShreepadBidwai\Downloads\Geo Targetly free world flag designs\rectangle\rectangle - 80w\so.png
sr.png,Suriname,C:\Users\ShreepadBidwai\Downloads\Geo Targetly free world flag designs\rectangle\rectangle - 80w\sr.png
ss.png,South Sudan,C:\Users\ShreepadBidwai\Downloads\Geo Targetly free world flag designs\rectangle\rectangle - 80w\ss.png
st.png,S√£o Tom√© and Pr√≠ncipe,C:\Users\ShreepadBidwai\Downloads\Geo Targetly free world flag designs\rectangle\rectangle - 80w\st.png
sv.png,El Salvador,C:\Users\ShreepadBidwai\Downloads\Geo Targetly free world flag designs\rectangle\rectangle - 80w\sv.png
sy.png,Syria,C:\Users\ShreepadBidwai\Downloads\Geo Targetly free world flag designs\rectangle\rectangle - 80w\sy.png
sz.png,Eswatini,C:\Users\ShreepadBidwai\Downloads\Geo Targetly free world flag designs\rectangle\rectangle - 80w\sz.png
tc.png,Turks and Caicos Islands,C:\Users\ShreepadBidwai\Downloads\Geo Targetly free world flag designs\rectangle\rectangle - 80w\tc.png
td.png,Chad,C:\Users\ShreepadBidwai\Downloads\Geo Targetly free world flag designs\rectangle\rectangle - 80w\td.png
tg.png,Togo,C:\Users\ShreepadBidwai\Downloads\Geo Targetly free world flag designs\rectangle\rectangle - 80w\tg.png
th.png,Thailand,C:\Users\ShreepadBidwai\Downloads\Geo Targetly free world flag designs\rectangle\rectangle - 80w\th.png
tj.png,Tajikistan,C:\Users\ShreepadBidwai\Downloads\Geo Targetly free world flag designs\rectangle\rectangle - 80w\tj.png
tk.png,Tokelau,C:\Users\ShreepadBidwai\Downloads\Geo Targetly free world flag designs\rectangle\rectangle - 80w\tk.png
tl.png,Timor-Leste,C:\Users\ShreepadBidwai\Downloads\Geo Targetly free world flag designs\rectangle\rectangle - 80w\tl.png
tm.png,Turkmenistan,C:\Users\ShreepadBidwai\Downloads\Geo Targetly free world flag designs\rectangle\rectangle - 80w\tm.png
tn.png,Tunisia,C:\Users\ShreepadBidwai\Downloads\Geo Targetly free world flag designs\rectangle\rectangle - 80w\tn.png
to.png,Tonga,C:\Users\ShreepadBidwai\Downloads\Geo Targetly free world flag designs\rectangle\rectangle - 80w\to.png
tr.png,Turkiye,C:\Users\ShreepadBidwai\Downloads\Geo Targetly free world flag designs\rectangle\rectangle - 80w\tr.png
tt.png,Trinidad and Tobago,C:\Users\ShreepadBidwai\Downloads\Geo Targetly free world flag designs\rectangle\rectangle - 80w\tt.png
tv.png,Tuvalu,C:\Users\ShreepadBidwai\Downloads\Geo Targetly free world flag designs\rectangle\rectangle - 80w\tv.png
tw.png,Taiwan,C:\Users\ShreepadBidwai\Downloads\Geo Targetly free world flag designs\rectangle\rectangle - 80w\tw.png
tz.png,United Republic Of Tanzania,C:\Users\ShreepadBidwai\Downloads\Geo Targetly free world flag designs\rectangle\rectangle - 80w\tz.png
ua.png,Ukraine,C:\Users\ShreepadBidwai\Downloads\Geo Targetly free world flag designs\rectangle\rectangle - 80w\ua.png
ug.png,Uganda,C:\Users\ShreepadBidwai\Downloads\Geo Targetly free world flag designs\rectangle\rectangle - 80w\ug.png
us.png,United States Of America,C:\Users\ShreepadBidwai\Downloads\Geo Targetly free world flag designs\rectangle\rectangle - 80w\us.png
uy.png,Uruguay,C:\Users\ShreepadBidwai\Downloads\Geo Targetly free world flag designs\rectangle\rectangle - 80w\uy.png
uz.png,Uzbekistan,C:\Users\ShreepadBidwai\Downloads\Geo Targetly free world flag designs\rectangle\rectangle - 80w\uz.png
va.png,Holy See,C:\Users\ShreepadBidwai\Downloads\Geo Targetly free world flag designs\rectangle\rectangle - 80w\va.png
vc.png,Saint Vincent and the Grenadines,C:\Users\ShreepadBidwai\Downloads\Geo Targetly free world flag designs\rectangle\rectangle - 80w\vc.png
ve.png,Venezuela (Bolivarian Republic Of),C:\Users\ShreepadBidwai\Downloads\Geo Targetly free world flag designs\rectangle\rectangle - 80w\ve.png
vn.png,Viet Nam,C:\Users\ShreepadBidwai\Downloads\Geo Targetly free world flag designs\rectangle\rectangle - 80w\vn.png
vu.png,Vanuatu,C:\Users\ShreepadBidwai\Downloads\Geo Targetly free world flag designs\rectangle\rectangle - 80w\vu.png
wf.png,Wallis And Futuna Islands,C:\Users\ShreepadBidwai\Downloads\Geo Targetly free world flag designs\rectangle\rectangle - 80w\wf.png
ye.png,Yemen,C:\Users\ShreepadBidwai\Downloads\Geo Targetly free world flag designs\rectangle\rectangle - 80w\ye.png
za.png,South Africa,C:\Users\ShreepadBidwai\Downloads\Geo Targetly free world flag designs\rectangle\rectangle - 80w\za.png
zm.png,Zambia,C:\Users\ShreepadBidwai\Downloads\Geo Targetly free world flag designs\rectangle\rectangle - 80w\zm.png
zw.png,Zimbabwe,C:\Users\ShreepadBidwai\Downloads\Geo Targetly free world flag designs\rectangle\rectangle - 80w\zw.png
Flag_of_British_Virgin_Islands-64x32.png,British Virgin Islands,C:\Users\ShreepadBidwai\Downloads\Flag_of_British_Virgin_Islands-64x32.png
Flag_of_Cape_Verde-64x38.png,Cabo Verde,C:\Users\ShreepadBidwai\Downloads\Flag_of_Cape_Verde-64x38.png
Flag_of_Mayotte-64x43.png,Mayotte,C:\Users\ShreepadBidwai\Downloads\Flag_of_Mayotte-64x43.png
Flag_of_South_Georgia_and_the_South_Sandwich_Islands-64x32.png,South Georgia And The South Sandwich Islands,C:\Users\ShreepadBidwai\Downloads\Flag_of_South_Georgia_and_the_South_Sandwich_Islands-64x32.png
Flag_of_Kosovo-64x46.png,Kosovo,C:\Users\ShreepadBidwai\Downloads\Flag_of_Kosovo-64x46.png
Flag_of_Russia-64x43.png,Russian Federation,C:\Users\ShreepadBidwai\Downloads\Flag_of_Russia-64x43.png
Flag_of_Sint_Maarten-64x43 (1).png,Sint Maarten,C:\Users\ShreepadBidwai\Downloads\Flag_of_Sint_Maarten-64x43 (1).png
Flag_of_Sao_Tome_and_Principe-64x32.png,Sao Tome And Principe,C:\Users\ShreepadBidwai\Downloads\Flag_of_Sao_Tome_and_Principe-64x32.png
Flag_of_Samoa-64x32.png,Samoa,C:\Users\ShreepadBidwai\Downloads\Flag_of_Samoa-64x32.png
Flag_of_Syria-64x43.png,Syrian Arab Republic,C:\Users\ShreepadBidwai\Downloads\Flag_of_Syria-64x43.png
Flag_of_United_Kingdom-64x32.png,United Kingdom Of Great Britain And Northern Ireland,C:\Users\ShreepadBidwai\Downloads\Flag_of_United_Kingdom-64x32.png
Flag_of_United_States_Virgin_Islands-64x43.png,United States Virgin Islands,C:\Users\ShreepadBidwai\Downloads\Flag_of_United_States_Virgin_Islands-64x43.png
Flag_of_Bonaire-64x43.png,Bonaire,C:\Users\ShreepadBidwai\Downloads\Flag_of_Bonaire-64x43.png
Flag_of_French_Southern_and_Antarctic_Lands-64x43.png,French Southern Territories,C:\Users\ShreepadBidwai\Downloads\Flag_of_French_Southern_and_Antarctic_Lands-64x43.png
Flag_of_Sint_Maarten-64x43.png,Sint Maarten (Dutch Part),C:\Users\ShreepadBidwai\Downloads\Flag_of_Sint_Maarten-64x43.png
Missing_flag.png,Others,C:\Users\ShreepadBidwai\Downloads\Geo Targetly free world flag designs\rectangle\rectangle - 80w\Missing_flag.png
netherlands-antilles.png,Netherlands Antilles,C:\Users\ShreepadBidwai\Downloads\netherlands-antilles.png
SvalbardAndJanMayenIslandsFlag.png,Svalbard And Jan Mayen Islands,C:\Users\ShreepadBidwai\Downloads\SvalbardAndJanMayenIslandsFlag.png
Missing_flag.png,United States Minor Outlying Islands,C:\Users\ShreepadBidwai\Downloads\Geo Targetly free world flag designs\rectangle\rectangle - 80w\Missing_flag.png
